{"v":"5.7.1","fr":30,"ip":0,"op":30,"w":360,"h":360,"nm":"Loading-03","ddd":0,"assets":[{"id":"image_0","w":361,"h":361,"u":"images/","p":"img_0.png","e":0},{"id":"image_1","w":29,"h":31,"u":"images/","p":"img_1.png","e":0},{"id":"image_2","w":107,"h":19,"u":"images/","p":"img_2.png","e":0},{"id":"image_3","w":231,"h":147,"u":"images/","p":"img_3.png","e":0},{"id":"image_4","w":223,"h":278,"u":"images/","p":"img_4.png","e":0},{"id":"comp_0","layers":[{"ddd":0,"ind":1,"ty":1,"nm":"귀가림","parent":3,"sr":1,"ks":{"o":{"a":1,"k":[{"i":{"x":[0.833],"y":[0.833]},"o":{"x":[0.333],"y":[0]},"t":26,"s":[0]},{"i":{"x":[0.833],"y":[0.833]},"o":{"x":[0.333],"y":[0]},"t":28,"s":[100]},{"t":30,"s":[0]}],"ix":11},"r":{"a":0,"k":45,"ix":10},"p":{"a":0,"k":[124.997,-169.995,0],"ix":2},"a":{"a":0,"k":[180,180,0],"ix":1},"s":{"a":0,"k":[60.554,60.554,100],"ix":6}},"ao":0,"sw":360,"sh":360,"sc":"#5c70aa","ip":0,"op":60,"st":0,"bm":0},{"ddd":0,"ind":2,"ty":1,"nm":"귀가림","parent":3,"sr":1,"ks":{"o":{"a":1,"k":[{"i":{"x":[0.833],"y":[0.833]},"o":{"x":[0.333],"y":[0]},"t":26,"s":[0]},{"i":{"x":[0.833],"y":[0.833]},"o":{"x":[0.333],"y":[0]},"t":28,"s":[100]},{"t":30,"s":[0]}],"ix":11},"r":{"a":0,"k":-45,"ix":10},"p":{"a":0,"k":[-124.997,-169.995,0],"ix":2},"a":{"a":0,"k":[180,180,0],"ix":1},"s":{"a":0,"k":[60.554,60.554,100],"ix":6}},"ao":0,"sw":360,"sh":360,"sc":"#5c70aa","ip":0,"op":60,"st":0,"bm":0},{"ddd":0,"ind":3,"ty":3,"nm":"Null 1","sr":1,"ks":{"o":{"a":0,"k":0,"ix":11},"r":{"a":0,"k":0,"ix":10},"p":{"a":1,"k":[{"i":{"x":0,"y":1},"o":{"x":0,"y":0},"t":10,"s":[180,180,0],"to":[0,3.333,0],"ti":[0,0,0]},{"i":{"x":0.991,"y":1},"o":{"x":1,"y":0},"t":14,"s":[180,200,0],"to":[0,0,0],"ti":[0,3.333,0]},{"t":18,"s":[180,180,0]}],"ix":2},"a":{"a":0,"k":[0,0,0],"ix":1},"s":{"a":0,"k":[100.003,100.003,100],"ix":6}},"ao":0,"ip":0,"op":60,"st":0,"bm":0},{"ddd":0,"ind":4,"ty":2,"nm":"코","parent":7,"refId":"image_1","sr":1,"ks":{"o":{"a":0,"k":100,"ix":11},"r":{"a":0,"k":0,"ix":10},"p":{"a":0,"k":[111.25,148.582,0],"ix":2},"a":{"a":0,"k":[14.25,15.25,0],"ix":1},"s":{"a":0,"k":[100,100,100],"ix":6}},"ao":0,"ip":0,"op":60,"st":0,"bm":0},{"ddd":0,"ind":5,"ty":2,"nm":"눈동자","parent":7,"refId":"image_2","sr":1,"ks":{"o":{"a":0,"k":100,"ix":11},"r":{"a":0,"k":0,"ix":10},"p":{"a":0,"k":[111.4,106.813,0],"ix":2},"a":{"a":0,"k":[53.402,9.315,0],"ix":1},"s":{"a":1,"k":[{"i":{"x":[0.667,0,0.667],"y":[1,1,1]},"o":{"x":[0.333,0.333,0.333],"y":[0,0,0]},"t":0,"s":[100,100,100]},{"i":{"x":[0.667,0.667,0.667],"y":[1,1,1]},"o":{"x":[0.333,1,0.333],"y":[0,0,0]},"t":3,"s":[100,2,100]},{"i":{"x":[0.667,0.667,0.667],"y":[1,1,1]},"o":{"x":[0.333,0.333,0.333],"y":[0,0,0]},"t":6,"s":[100,100,100]},{"i":{"x":[0.667,0.667,0.667],"y":[1,1,1]},"o":{"x":[0.333,0.333,0.333],"y":[0,0,0]},"t":18,"s":[100,100,100]},{"i":{"x":[0.667,0.667,0.667],"y":[1,1,1]},"o":{"x":[0.333,0.333,0.333],"y":[0,0,0]},"t":21,"s":[100,2,100]},{"t":24,"s":[100,100,100]}],"ix":6}},"ao":0,"ip":0,"op":60,"st":0,"bm":0},{"ddd":0,"ind":6,"ty":2,"nm":"수염","parent":7,"refId":"image_3","sr":1,"ks":{"o":{"a":0,"k":100,"ix":11},"r":{"a":0,"k":0,"ix":10},"p":{"a":0,"k":[111.25,101.626,0],"ix":2},"a":{"a":0,"k":[115.257,73.207,0],"ix":1},"s":{"a":0,"k":[100,100,100],"ix":6}},"ao":0,"ip":0,"op":60,"st":0,"bm":0},{"ddd":0,"ind":7,"ty":2,"nm":"몸통","parent":3,"refId":"image_4","sr":1,"ks":{"o":{"a":0,"k":100,"ix":11},"r":{"a":0,"k":0,"ix":10},"p":{"a":0,"k":[0,41.339,0],"ix":2},"a":{"a":0,"k":[111.25,138.908,0],"ix":1},"s":{"a":0,"k":[100,100,100],"ix":6}},"ao":0,"ip":0,"op":60,"st":0,"bm":0}]}],"layers":[{"ddd":0,"ind":1,"ty":2,"nm":"Masking(Circle)","td":1,"refId":"image_0","sr":1,"ks":{"o":{"a":0,"k":100,"ix":11},"r":{"a":0,"k":0,"ix":10},"p":{"a":0,"k":[180,180,0],"ix":2},"a":{"a":0,"k":[180.25,180.25,0],"ix":1},"s":{"a":0,"k":[100,100,100],"ix":6}},"ao":0,"ip":0,"op":30,"st":0,"bm":0},{"ddd":0,"ind":2,"ty":0,"nm":"Animation-03","tt":1,"refId":"comp_0","sr":1,"ks":{"o":{"a":0,"k":100,"ix":11},"r":{"a":0,"k":0,"ix":10},"p":{"a":0,"k":[180,180,0],"ix":2},"a":{"a":0,"k":[180,180,0],"ix":1},"s":{"a":0,"k":[100,100,100],"ix":6}},"ao":0,"w":360,"h":360,"ip":0,"op":30,"st":0,"bm":0},{"ddd":0,"ind":3,"ty":2,"nm":"Background(Circle)","refId":"image_0","sr":1,"ks":{"o":{"a":0,"k":100,"ix":11},"r":{"a":0,"k":0,"ix":10},"p":{"a":0,"k":[180,180,0],"ix":2},"a":{"a":0,"k":[180.25,180.25,0],"ix":1},"s":{"a":0,"k":[100,100,100],"ix":6}},"ao":0,"ip":0,"op":30,"st":0,"bm":0}],"markers":[]}