{"v":"5.7.1","fr":30,"ip":0,"op":128,"w":360,"h":360,"nm":"Loading-02","ddd":0,"assets":[{"id":"image_0","w":361,"h":361,"u":"images/","p":"img_0.png","e":0},{"id":"image_1","w":29,"h":31,"u":"images/","p":"img_1.png","e":0},{"id":"image_2","w":107,"h":19,"u":"images/","p":"img_2.png","e":0},{"id":"image_3","w":231,"h":147,"u":"images/","p":"img_3.png","e":0},{"id":"image_4","w":223,"h":278,"u":"images/","p":"img_4.png","e":0},{"id":"comp_0","layers":[{"ddd":0,"ind":1,"ty":3,"nm":"Null 1","sr":1,"ks":{"o":{"a":0,"k":0,"ix":11},"r":{"a":0,"k":180,"ix":10},"p":{"a":1,"k":[{"i":{"x":0,"y":1},"o":{"x":0.072,"y":0},"t":92,"s":[180,-100,0],"to":[0,0,0],"ti":[0,0,0]},{"i":{"x":0.833,"y":0.833},"o":{"x":0.167,"y":0.167},"t":107,"s":[180,98.319,0],"to":[0,0,0],"ti":[0,0,0]},{"i":{"x":0.833,"y":0.833},"o":{"x":0.167,"y":0.167},"t":122,"s":[180,98.319,0],"to":[0,0,0],"ti":[0,0,0]},{"i":{"x":0,"y":1},"o":{"x":0,"y":0},"t":123,"s":[180,58.319,0],"to":[0,0,0],"ti":[0,0,0]},{"t":127,"s":[180,-100,0]}],"ix":2},"a":{"a":0,"k":[0,0,0],"ix":1},"s":{"a":0,"k":[100,100.003,100],"ix":6}},"ao":0,"ip":92,"op":128,"st":8,"bm":0},{"ddd":0,"ind":2,"ty":2,"nm":"코 3","parent":5,"refId":"image_1","sr":1,"ks":{"o":{"a":0,"k":100,"ix":11},"r":{"a":0,"k":0,"ix":10},"p":{"a":0,"k":[111.25,148.582,0],"ix":2},"a":{"a":0,"k":[14.25,15.25,0],"ix":1},"s":{"a":0,"k":[100,100,100],"ix":6}},"ao":0,"ip":92,"op":128,"st":8,"bm":0},{"ddd":0,"ind":3,"ty":2,"nm":"눈동자 3","parent":5,"refId":"image_2","sr":1,"ks":{"o":{"a":0,"k":100,"ix":11},"r":{"a":0,"k":0,"ix":10},"p":{"a":0,"k":[111.4,106.813,0],"ix":2},"a":{"a":0,"k":[53.402,9.315,0],"ix":1},"s":{"a":0,"k":[100,100,100],"ix":6}},"ao":0,"ip":92,"op":128,"st":8,"bm":0},{"ddd":0,"ind":4,"ty":2,"nm":"수염 3","parent":5,"refId":"image_3","sr":1,"ks":{"o":{"a":0,"k":100,"ix":11},"r":{"a":0,"k":0,"ix":10},"p":{"a":0,"k":[111.25,101.626,0],"ix":2},"a":{"a":0,"k":[115.257,73.207,0],"ix":1},"s":{"a":0,"k":[100,100,100],"ix":6}},"ao":0,"ip":92,"op":128,"st":8,"bm":0},{"ddd":0,"ind":5,"ty":2,"nm":"몸통 3","parent":1,"refId":"image_4","sr":1,"ks":{"o":{"a":0,"k":100,"ix":11},"r":{"a":0,"k":0,"ix":10},"p":{"a":0,"k":[0,41.339,0],"ix":2},"a":{"a":0,"k":[111.25,138.908,0],"ix":1},"s":{"a":0,"k":[100,100,100],"ix":6}},"ao":0,"ip":92,"op":128,"st":8,"bm":0},{"ddd":0,"ind":6,"ty":3,"nm":"Null 1","sr":1,"ks":{"o":{"a":0,"k":0,"ix":11},"r":{"a":0,"k":45,"ix":10},"p":{"a":1,"k":[{"i":{"x":0,"y":1},"o":{"x":0.197,"y":0},"t":46,"s":[-10,370,0],"to":[0,0,0],"ti":[0,0,0]},{"i":{"x":0.833,"y":0.833},"o":{"x":0.167,"y":0.167},"t":61,"s":[107.451,252.549,0],"to":[0,0,0],"ti":[0,0,0]},{"i":{"x":0.833,"y":0.833},"o":{"x":0.167,"y":0.167},"t":76,"s":[107.451,252.549,0],"to":[0,0,0],"ti":[0,0,0]},{"i":{"x":1,"y":1},"o":{"x":0.773,"y":0},"t":77,"s":[107.451,252.549,0],"to":[0,0,0],"ti":[0,0,0]},{"t":81,"s":[-10,370,0]}],"ix":2},"a":{"a":0,"k":[0,0,0],"ix":1},"s":{"a":0,"k":[100,100.003,100],"ix":6}},"ao":0,"ip":46,"op":82,"st":11,"bm":0},{"ddd":0,"ind":7,"ty":2,"nm":"코 2","parent":10,"refId":"image_1","sr":1,"ks":{"o":{"a":0,"k":100,"ix":11},"r":{"a":0,"k":0,"ix":10},"p":{"a":0,"k":[111.25,148.582,0],"ix":2},"a":{"a":0,"k":[14.25,15.25,0],"ix":1},"s":{"a":0,"k":[100,100,100],"ix":6}},"ao":0,"ip":46,"op":82,"st":11,"bm":0},{"ddd":0,"ind":8,"ty":2,"nm":"눈동자 2","parent":10,"refId":"image_2","sr":1,"ks":{"o":{"a":0,"k":100,"ix":11},"r":{"a":0,"k":0,"ix":10},"p":{"a":0,"k":[111.4,106.813,0],"ix":2},"a":{"a":0,"k":[53.402,9.315,0],"ix":1},"s":{"a":0,"k":[100,100,100],"ix":6}},"ao":0,"ip":46,"op":82,"st":11,"bm":0},{"ddd":0,"ind":9,"ty":2,"nm":"수염 2","parent":10,"refId":"image_3","sr":1,"ks":{"o":{"a":0,"k":100,"ix":11},"r":{"a":0,"k":0,"ix":10},"p":{"a":0,"k":[111.25,101.626,0],"ix":2},"a":{"a":0,"k":[115.257,73.207,0],"ix":1},"s":{"a":0,"k":[100,100,100],"ix":6}},"ao":0,"ip":46,"op":82,"st":11,"bm":0},{"ddd":0,"ind":10,"ty":2,"nm":"몸통 2","parent":6,"refId":"image_4","sr":1,"ks":{"o":{"a":0,"k":100,"ix":11},"r":{"a":0,"k":0,"ix":10},"p":{"a":0,"k":[0,41.339,0],"ix":2},"a":{"a":0,"k":[111.25,138.908,0],"ix":1},"s":{"a":0,"k":[100,100,100],"ix":6}},"ao":0,"ip":46,"op":82,"st":11,"bm":0},{"ddd":0,"ind":11,"ty":3,"nm":"Null 1","sr":1,"ks":{"o":{"a":0,"k":0,"ix":11},"r":{"a":0,"k":-45,"ix":10},"p":{"a":1,"k":[{"i":{"x":0,"y":1},"o":{"x":0.167,"y":0},"t":0,"s":[370,370,0],"to":[0,0,0],"ti":[0,0,0]},{"i":{"x":0.833,"y":0.833},"o":{"x":0.167,"y":0.167},"t":15,"s":[250,250,0],"to":[0,0,0],"ti":[0,0,0]},{"i":{"x":0.833,"y":0.833},"o":{"x":0.167,"y":0.167},"t":30,"s":[250,250,0],"to":[0,0,0],"ti":[0,0,0]},{"i":{"x":1,"y":1},"o":{"x":0.738,"y":0},"t":31,"s":[250,250,0],"to":[0,0,0],"ti":[0,0,0]},{"t":35,"s":[370,370,0]}],"ix":2},"a":{"a":0,"k":[0,0,0],"ix":1},"s":{"a":0,"k":[100,100.003,100],"ix":6}},"ao":0,"ip":0,"op":36,"st":0,"bm":0},{"ddd":0,"ind":12,"ty":2,"nm":"코","parent":15,"refId":"image_1","sr":1,"ks":{"o":{"a":0,"k":100,"ix":11},"r":{"a":0,"k":0,"ix":10},"p":{"a":0,"k":[111.25,148.582,0],"ix":2},"a":{"a":0,"k":[14.25,15.25,0],"ix":1},"s":{"a":0,"k":[100,100,100],"ix":6}},"ao":0,"ip":0,"op":36,"st":0,"bm":0},{"ddd":0,"ind":13,"ty":2,"nm":"눈동자","parent":15,"refId":"image_2","sr":1,"ks":{"o":{"a":0,"k":100,"ix":11},"r":{"a":0,"k":0,"ix":10},"p":{"a":0,"k":[111.4,106.813,0],"ix":2},"a":{"a":0,"k":[53.402,9.315,0],"ix":1},"s":{"a":0,"k":[100,100,100],"ix":6}},"ao":0,"ip":0,"op":36,"st":0,"bm":0},{"ddd":0,"ind":14,"ty":2,"nm":"수염","parent":15,"refId":"image_3","sr":1,"ks":{"o":{"a":0,"k":100,"ix":11},"r":{"a":0,"k":0,"ix":10},"p":{"a":0,"k":[111.25,101.626,0],"ix":2},"a":{"a":0,"k":[115.257,73.207,0],"ix":1},"s":{"a":0,"k":[100,100,100],"ix":6}},"ao":0,"ip":0,"op":36,"st":0,"bm":0},{"ddd":0,"ind":15,"ty":2,"nm":"몸통","parent":11,"refId":"image_4","sr":1,"ks":{"o":{"a":0,"k":100,"ix":11},"r":{"a":0,"k":0,"ix":10},"p":{"a":0,"k":[0,41.339,0],"ix":2},"a":{"a":0,"k":[111.25,138.908,0],"ix":1},"s":{"a":0,"k":[100,100,100],"ix":6}},"ao":0,"ip":0,"op":36,"st":0,"bm":0}]}],"layers":[{"ddd":0,"ind":1,"ty":2,"nm":"Masking(Circle)","td":1,"refId":"image_0","sr":1,"ks":{"o":{"a":0,"k":100,"ix":11},"r":{"a":0,"k":0,"ix":10},"p":{"a":0,"k":[180,180,0],"ix":2},"a":{"a":0,"k":[180.25,180.25,0],"ix":1},"s":{"a":0,"k":[100,100,100],"ix":6}},"ao":0,"ip":0,"op":128,"st":0,"bm":0},{"ddd":0,"ind":2,"ty":0,"nm":"Animation-02","tt":1,"refId":"comp_0","sr":1,"ks":{"o":{"a":0,"k":100,"ix":11},"r":{"a":0,"k":0,"ix":10},"p":{"a":0,"k":[180,180,0],"ix":2},"a":{"a":0,"k":[180,180,0],"ix":1},"s":{"a":0,"k":[100,100,100],"ix":6}},"ao":0,"w":360,"h":360,"ip":0,"op":128,"st":0,"bm":0},{"ddd":0,"ind":3,"ty":2,"nm":"Background(Circle)","refId":"image_0","sr":1,"ks":{"o":{"a":0,"k":100,"ix":11},"r":{"a":0,"k":0,"ix":10},"p":{"a":0,"k":[180,180,0],"ix":2},"a":{"a":0,"k":[180.25,180.25,0],"ix":1},"s":{"a":0,"k":[100,100,100],"ix":6}},"ao":0,"ip":0,"op":128,"st":0,"bm":0}],"markers":[]}